{
  "ssType": "Single",
  "amType": "STEADY",
  "hsType": "DOUBLE_ELLIPSOIDAL",
  "separateMaterial": false,
  "percentagePowderDensity": 0.8,
  "beamRadius": [
    8.967E-5,
    3.2749999999999996E-5,
    1.0512999999999999E-4,
    4.387E-5
  ],
  "effectiveBeamRadius": 6.120999999999999E-5,
  "power": 150.9090909090909,
  "ringPowerPercent": 0.0,
  "speed": 1781.8181818181818,
  "absorptivity": 0.5669,
  "layerThickness": 40.0,
  "liquidusTemperature": 1726.778,
  "solidusTemperature": 1664.645,
  "evaporateTemperature": 2988.258980305507,
  "mainFileName": "result.pvd",
  "number": -1,
  "expWidth": NaN,
  "expDepth": NaN
}